{"cameraMode":{"drawMode":0,"name":"Shaded","section":"Shading Mode"},"sceneLighting":true,"audioPlay":false,"sceneViewState":{"m_AlwaysRefresh":false,"showFog":true,"showSkybox":true,"showFlares":true,"showImageEffects":true,"showParticleSystems":true,"showVisualEffectGraphs":true,"m_FxEnabled":true},"in2DMode":false,"pivot":{"x":0.23515725135803224,"y":0.6895947456359863,"z":6.5642595291137699},"rotation":{"x":-0.09472916275262833,"y":-0.44962212443351748,"z":0.04822883382439613,"w":-0.8869127035140991},"size":4.084049224853516,"orthographic":false}