{"cameraMode":{"drawMode":0,"name":"Shaded","section":"Shading Mode"},"sceneLighting":true,"audioPlay":false,"sceneViewState":{"m_AlwaysRefresh":false,"showFog":true,"showSkybox":true,"showFlares":true,"showImageEffects":true,"showParticleSystems":true,"showVisualEffectGraphs":true,"m_FxEnabled":true},"in2DMode":false,"pivot":{"x":3.403120517730713,"y":1.5072134733200074,"z":0.6042696237564087},"rotation":{"x":0.10496260225772858,"y":0.47481709718704226,"z":-0.05759889632463455,"w":0.872086226940155},"size":12.949469566345215,"orthographic":false}