{"cameraMode":{"drawMode":0,"name":"Shaded","section":"Shading Mode"},"sceneLighting":true,"audioPlay":false,"sceneViewState":{"m_AlwaysRefresh":false,"showFog":true,"showSkybox":true,"showFlares":true,"showImageEffects":true,"showParticleSystems":true,"showVisualEffectGraphs":true,"m_FxEnabled":true},"in2DMode":false,"pivot":{"x":886.0005493164063,"y":443.7550048828125,"z":180.42770385742188},"rotation":{"x":0.07939116656780243,"y":-0.02812427096068859,"z":0.0021635843440890314,"w":0.9964932799339294},"size":963.654541015625,"orthographic":false}